epoch,train_loss,train_acc,val_loss,val_acc
1,1.013177,0.624991,0.797352,0.692169
2,0.842007,0.667405,0.752179,0.705767
3,0.818341,0.662591,0.750979,0.700473
4,0.800587,0.672734,0.733920,0.702339
5,0.778089,0.675495,0.696302,0.726780
6,0.726102,0.703424,0.634811,0.757140
7,0.683056,0.721050,0.584340,0.769962
8,0.646006,0.742956,0.564072,0.785208
9,0.617275,0.755291,0.562943,0.787187
10,0.607727,0.758832,0.545850,0.788201
