repr_path,accuracy_mean,accuracy_std,f1_mean,f1_std,sensitivity_mean,sensitivity_std,precision_mean,precision_std,roc_auc_mean,roc_auc_std,mask_tag
MAE/outputs/mask15/mae_representations.csv,0.5482519903080652,0.03707971793727285,0.6588277851572213,0.03933941113143525,0.5720246841022627,0.05531714065801887,0.7808169212199509,0.02394022192753677,0.5077850200049729,0.053981565690779325,mask15
