modality,classifier,cv_roc_auc,cv_tn,cv_fp,cv_fn,cv_tp,full_roc_auc,full_tn,full_fp,full_fn,full_tp,cv_accuracy,cv_precision,cv_sensitivity,cv_f1
cnv,rbf_svm,0.513105043061552,4.5,20.6,12.7,70.1,0.8926660507727543,205,46,26,802,0.6914,0.7729,0.8466,0.8081
cnv,linear_svm,0.49614127805782227,11.0,14.1,36.9,45.9,0.5709120041572839,142,109,351,477,0.5273,0.765,0.5543,0.6429
cnv,poly_svm,0.507730531883632,2.2,22.9,6.0,76.8,0.9145230671516832,209,42,3,825,0.7322,0.7703,0.9275,0.8416
cnv,sigmoid_svm,0.4816147516896856,12.3,12.8,43.6,39.2,0.4122423350077949,106,145,495,333,0.4773,0.7538,0.4734,0.5816
cnv,random_forest,0.48857388277311864,4.4,20.7,16.4,66.4,0.9440980041187905,229,22,20,808,0.6562,0.7623,0.8019,0.7816
